Date,Name,Restaurant,STUDENT,INT,EXT
20230102,Currymeet,22,9.90,11.90,15.50
20230102,Curryvegie,22,7.90,9.90,13.50
20230102,GreenGrabgowithmixedWrap,22,8.30,9.30,10.90
20230102,TakeAwaysalad,22,9.50,10.50,11.50
20230102,Gyros,22,8.90,9.90,11.50
20230102,HotSandwichup650,22,7.90,8.90,10.50
20230102,SuppemitBrot,22,7.50,8.50,9.50
20230103,Currymeet,22,7.50,10.90,15.50
20230103,Curryvegie,22,6.50,9.90,14.50
20230103,GreenGrabgowithmixedWrap,22,8.30,9.30,10.90
20230103,TakeAwaysalad,22,9.50,10.50,11.50
20230103,Gyros,22,8.90,9.90,11.50
20230103,HotSandwichup650,22,7.90,8.90,10.50
20230103,SuppemitBrot,22,7.50,8.50,9.50
20230104,Currymeet,22,7.50,10.90,15.50
20230104,Curryvegie,22,6.50,9.90,14.50
20230104,GreenGrabgowithmixedWrap,22,8.30,9.30,10.90
20230104,TakeAwaysalad,22,9.50,10.50,11.50
20230104,Gyros,22,8.90,9.90,11.50
20230104,HotSandwichup650,22,7.90,8.90,10.50
20230104,SuppemitBrot,22,7.50,8.50,9.50
20230105,Currymeet,22,7.50,10.90,15.50
20230105,Curryvegie,22,6.50,9.90,14.50
20230105,GreenGrabgowithmixedWrap,22,8.30,9.30,10.90
20230105,TakeAwaysalad,22,9.50,10.50,11.50
20230105,Gyros,22,8.90,9.90,11.50
20230105,HotSandwichup650,22,7.90,8.90,10.50
20230105,SuppemitBrot,22,7.50,8.50,9.50
20230106,Currymeet,22,7.50,10.90,15.50
20230106,Curryvegie,22,6.50,9.90,14.50
20230106,GreenGrabgowithmixedWrap,22,8.30,9.30,10.90
20230106,TakeAwaysalad,22,9.50,10.50,11.50
20230106,Gyros,22,8.90,9.90,11.50
20230106,HotSandwichup650,22,7.90,8.90,10.50
20230106,SuppemitBrot,22,7.50,8.50,9.50
20230109,Currymeet,22,9.90,11.90,15.50
20230109,Curryvegie,22,7.90,9.90,13.50
20230109,GreenGrabgowithmixedWrap,22,8.30,9.30,10.90
20230109,TakeAwaysalad,22,9.50,10.50,11.50
20230109,Gyros,22,8.90,9.90,11.50
20230109,HotSandwichup650,22,6.90,7.90,9.50
20230109,SuppemitBrot,22,7.50,8.50,9.50
20230110,Currymeet,22,9.90,11.90,15.50
20230110,Curryvegie,22,7.90,9.90,13.50
20230110,GreenGrabgowithmixedWrap,22,8.30,9.30,10.90
20230110,TakeAwaysalad,22,9.50,10.50,11.50
20230110,Gyros,22,8.90,9.90,11.50
20230110,HotSandwichup650,22,6.90,7.90,9.50
20230110,SuppemitBrot,22,7.50,8.50,9.50
20230111,Currymeet,22,9.90,11.90,15.50
20230111,Curryvegie,22,7.90,9.90,13.50
20230111,GreenGrabgowithmixedWrap,22,8.30,9.30,10.90
20230111,TakeAwaysalad,22,9.50,10.50,11.50
20230111,Gyros,22,8.90,9.90,11.50
20230111,HotSandwichup650,22,6.90,7.90,9.50
20230111,SuppemitBrot,22,7.50,8.50,9.50
20230112,Currymeet,22,9.90,11.90,15.50
20230112,Curryvegie,22,7.90,9.90,13.50
20230112,GreenGrabgowithmixedWrap,22,8.30,9.30,10.90
20230112,TakeAwaysalad,22,9.50,10.50,11.50
20230112,Gyros,22,8.90,9.90,11.50
20230112,HotSandwichup650,22,6.90,7.90,9.50
20230112,SuppemitBrot,22,7.50,8.50,9.50
20230113,Currymeet,22,9.90,11.90,15.50
20230113,Curryvegie,22,7.90,9.90,13.50
20230113,GreenGrabgowithmixedWrap,22,8.30,9.30,10.90
20230113,TakeAwaysalad,22,9.50,10.50,11.50
20230113,Gyros,22,8.90,9.90,11.50
20230113,HotSandwichup650,22,6.90,7.90,9.50
20230113,SuppemitBrot,22,7.50,8.50,9.50
20230116,Currymeet,22,9.90,11.90,15.50
20230116,Curryvegie,22,7.90,9.90,13.50
20230116,GreenGrabgowithmixedWrap,22,8.30,9.30,10.90
20230116,TakeAwaysalad,22,9.50,10.50,11.50
20230116,Gyros,22,8.90,9.90,11.50
20230116,HotSandwichup650,22,6.90,7.90,9.50
20230116,SuppemitBrot,22,7.50,8.50,9.50
20230117,Currymeet,22,9.90,11.90,15.50
20230117,Curryvegie,22,7.90,9.90,13.50
20230117,GreenGrabgowithmixedWrap,22,8.30,9.30,10.90
20230117,TakeAwaysalad,22,9.50,10.50,11.50
20230117,Gyros,22,8.90,9.90,11.50
20230117,HotSandwichup650,22,6.90,7.90,9.50
20230117,SuppemitBrot,22,7.50,8.50,9.50
20230118,Currymeet,22,9.90,11.90,15.50
20230118,Curryvegie,22,7.90,9.90,13.50
20230118,GreenGrabgowithmixedWrap,22,8.30,9.30,10.90
20230118,TakeAwaysalad,22,9.50,10.50,11.50
20230118,Gyros,22,8.90,9.90,11.50
20230118,HotSandwichup650,22,6.90,7.90,9.50
20230118,SuppemitBrot,22,7.50,8.50,9.50
20230119,Currymeet,22,9.90,11.90,15.50
20230119,Curryvegie,22,7.90,9.90,13.50
20230119,GreenGrabgowithmixedWrap,22,8.30,9.30,10.90
20230119,TakeAwaysalad,22,9.50,10.50,11.50
20230119,Gyros,22,8.90,9.90,11.50
20230119,HotSandwichup650,22,6.90,7.90,9.50
20230119,SuppemitBrot,22,7.50,8.50,9.50
20230120,Currymeet,22,9.90,11.90,15.50
20230120,Curryvegie,22,7.90,9.90,13.50
20230120,GreenGrabgowithmixedWrap,22,8.30,9.30,10.90
20230120,TakeAwaysalad,22,9.50,10.50,11.50
20230120,Gyros,22,8.90,9.90,11.50
20230120,HotSandwichup650,22,6.90,7.90,9.50
20230120,SuppemitBrot,22,7.50,8.50,9.50
20230123,Currymeet,22,9.90,11.90,15.50
20230123,Curryvegie,22,7.90,9.90,13.50
20230123,GreenGrabgowithmixedWrap,22,8.30,9.30,10.90
20230123,TakeAwaysalad,22,9.50,10.50,11.50
20230123,Gyros,22,8.90,9.90,11.50
20230123,HotSandwichup650,22,6.90,7.90,9.50
20230123,SuppemitBrot,22,7.50,8.50,9.50
20230124,Currymeet,22,9.90,11.90,15.50
20230124,Curryvegie,22,7.90,9.90,13.50
20230124,GreenGrabgowithmixedWrap,22,8.30,9.30,10.90
20230124,TakeAwaysalad,22,9.50,10.50,11.50
20230124,Gyros,22,8.90,9.90,11.50
20230124,HotSandwichup650,22,6.90,7.90,9.50
20230124,SuppemitBrot,22,7.50,8.50,9.50
20230125,Currymeet,22,9.90,11.90,15.50
20230125,Curryvegie,22,7.90,9.90,13.50
20230125,GreenGrabgowithmixedWrap,22,8.30,9.30,10.90
20230125,TakeAwaysalad,22,9.50,10.50,11.50
20230125,Gyros,22,8.90,9.90,11.50
20230125,HotSandwichup650,22,6.90,7.90,9.50
20230125,SuppemitBrot,22,7.50,8.50,9.50
20230126,Currymeet,22,9.90,11.90,15.50
20230126,Curryvegie,22,7.90,9.90,13.50
20230126,GreenGrabgowithmixedWrap,22,8.30,9.30,10.90
20230126,TakeAwaysalad,22,9.50,10.50,11.50
20230126,Gyros,22,8.90,9.90,11.50
20230126,HotSandwichup650,22,6.90,7.90,9.50
20230126,SuppemitBrot,22,7.50,8.50,9.50
20230127,Currymeet,22,9.90,11.90,15.50
20230127,Curryvegie,22,7.90,9.90,13.50
20230127,GreenGrabgowithmixedWrap,22,8.30,9.30,10.90
20230127,TakeAwaysalad,22,9.50,10.50,11.50
20230127,Gyros,22,8.90,9.90,11.50
20230127,HotSandwichup650,22,6.90,7.90,9.50
20230127,SuppemitBrot,22,7.50,8.50,9.50
20230130,Currymeet,22,9.90,11.90,15.50
20230130,Curryvegie,22,7.90,9.90,13.50
20230130,GreenGrabgowithmixedWrap,22,8.30,9.30,10.90
20230130,TakeAwaysalad,22,9.50,10.50,11.50
20230130,Gyros,22,8.90,9.90,11.50
20230130,HotSandwichup650,22,6.90,7.90,9.50
20230130,SuppemitBrot,22,7.50,8.50,9.50
20230131,Currymeet,22,9.90,11.90,15.50
20230131,Curryvegie,22,7.90,9.90,13.50
20230131,GreenGrabgowithmixedWrap,22,8.30,9.30,10.90
20230131,TakeAwaysalad,22,9.50,10.50,11.50
20230131,Gyros,22,8.90,9.90,11.50
20230131,HotSandwichup650,22,6.90,7.90,9.50
20230131,SuppemitBrot,22,7.50,8.50,9.50
20230201,Currymeet,22,9.90,11.90,15.50
20230201,Curryvegie,22,7.90,9.90,13.50
20230201,GreenGrabgowithmixedWrap,22,8.30,9.30,10.90
20230201,TakeAwaysalad,22,9.50,10.50,11.50
20230201,Gyros,22,8.90,9.90,11.50
20230201,HotSandwichup650,22,6.90,7.90,9.50
20230201,SuppemitBrot,22,7.50,8.50,9.50
20230202,Currymeet,22,9.90,11.90,15.50
20230202,Curryvegie,22,7.90,9.90,13.50
20230202,GreenGrabgowithmixedWrap,22,8.30,9.30,10.90
20230202,TakeAwaysalad,22,9.50,10.50,11.50
20230202,Gyros,22,8.90,9.90,11.50
20230202,HotSandwichup650,22,6.90,7.90,9.50
20230202,SuppemitBrot,22,7.50,8.50,9.50
20230203,Currymeet,22,9.90,11.90,15.50
20230203,Curryvegie,22,7.90,9.90,13.50
20230203,GreenGrabgowithmixedWrap,22,8.30,9.30,10.90
20230203,TakeAwaysalad,22,9.50,10.50,11.50
20230203,Gyros,22,8.90,9.90,11.50
20230203,HotSandwichup650,22,6.90,7.90,9.50
20230203,SuppemitBrot,22,7.50,8.50,9.50
20230206,Currymeet,22,9.90,11.90,15.50
20230206,Curryvegie,22,7.90,9.90,13.50
20230206,GreenGrabgowithmixedWrap,22,8.30,9.30,10.90
20230206,TakeAwaysalad,22,9.50,10.50,11.50
20230206,Gyros,22,8.90,9.90,11.50
20230206,HotSandwichup650,22,6.90,7.90,9.50
20230206,SuppemitBrot,22,7.50,8.50,9.50
20230207,Currymeet,22,9.90,11.90,15.50
20230207,Curryvegie,22,7.90,9.90,13.50
20230207,GreenGrabgowithmixedWrap,22,8.30,9.30,10.90
20230207,TakeAwaysalad,22,9.50,10.50,11.50
20230207,Gyros,22,8.90,9.90,11.50
20230207,HotSandwichup650,22,6.90,7.90,9.50
20230207,SuppemitBrot,22,7.50,8.50,9.50
20230208,Currymeet,22,9.90,11.90,15.50
20230208,Curryvegie,22,7.90,9.90,13.50
20230208,GreenGrabgowithmixedWrap,22,8.30,9.30,10.90
20230208,TakeAwaysalad,22,9.50,10.50,11.50
20230208,Gyros,22,8.90,9.90,11.50
20230208,HotSandwichup650,22,6.90,7.90,9.50
20230208,SuppemitBrot,22,7.50,8.50,9.50
20230209,Currymeet,22,9.90,11.90,15.50
20230209,Curryvegie,22,7.90,9.90,13.50
20230209,GreenGrabgowithmixedWrap,22,8.30,9.30,10.90
20230209,TakeAwaysalad,22,9.50,10.50,11.50
20230209,Gyros,22,8.90,9.90,11.50
20230209,HotSandwichup650,22,6.90,7.90,9.50
20230209,SuppemitBrot,22,7.50,8.50,9.50
20230210,Currymeet,22,9.90,11.90,15.50
20230210,Curryvegie,22,7.90,9.90,13.50
20230210,GreenGrabgowithmixedWrap,22,8.30,9.30,10.90
20230210,TakeAwaysalad,22,9.50,10.50,11.50
20230210,Gyros,22,8.90,9.90,11.50
20230210,HotSandwichup650,22,6.90,7.90,9.50
20230210,SuppemitBrot,22,7.50,8.50,9.50
20230213,Currymeet,22,9.90,11.90,15.50
20230213,Curryvegie,22,7.90,9.90,13.50
20230213,GreenGrabgowithmixedWrap,22,8.30,9.30,10.90
20230213,TakeAwaysalad,22,9.50,10.50,11.50
20230213,Gyros,22,8.90,9.90,11.50
20230213,HotSandwichup650,22,6.90,7.90,9.50
20230213,SuppemitBrot,22,7.50,8.50,9.50
20230214,Currymeet,22,9.90,11.90,15.50
20230214,Curryvegie,22,7.90,9.90,13.50
20230214,GreenGrabgowithmixedWrap,22,8.30,9.30,10.90
20230214,TakeAwaysalad,22,9.50,10.50,11.50
20230214,Gyros,22,8.90,9.90,11.50
20230214,HotSandwichup650,22,6.90,7.90,9.50
20230214,SuppemitBrot,22,7.50,8.50,9.50
20230215,Currymeet,22,9.90,11.90,15.50
20230215,Curryvegie,22,7.90,9.90,13.50
20230215,GreenGrabgowithmixedWrap,22,8.30,9.30,10.90
20230215,TakeAwaysalad,22,9.50,10.50,11.50
20230215,Gyros,22,8.90,9.90,11.50
20230215,HotSandwichup650,22,6.90,7.90,9.50
20230215,SuppemitBrot,22,7.50,8.50,9.50
20230216,Currymeet,22,9.90,11.90,15.50
20230216,Curryvegie,22,7.90,9.90,13.50
20230216,GreenGrabgowithmixedWrap,22,8.30,9.30,10.90
20230216,TakeAwaysalad,22,9.50,10.50,11.50
20230216,Gyros,22,8.90,9.90,11.50
20230216,HotSandwichup650,22,6.90,7.90,9.50
20230216,SuppemitBrot,22,7.50,8.50,9.50
20230217,Currymeet,22,9.90,11.90,15.50
20230217,Curryvegie,22,7.90,9.90,13.50
20230217,GreenGrabgowithmixedWrap,22,8.30,9.30,10.90
20230217,TakeAwaysalad,22,9.50,10.50,11.50
20230217,Gyros,22,8.90,9.90,11.50
20230217,HotSandwichup650,22,6.90,7.90,9.50
20230217,SuppemitBrot,22,7.50,8.50,9.50
20230220,Currymeet,22,9.90,11.90,15.50
20230220,Curryvegie,22,7.90,9.90,13.50
20230220,GreenGrabgowithmixedWrap,22,8.30,9.30,10.90
20230220,TakeAwaysalad,22,9.50,10.50,11.50
20230220,Gyros,22,8.90,9.90,11.50
20230220,HotSandwichup650,22,6.90,7.90,9.50
20230220,SuppemitBrot,22,7.50,8.50,9.50
20230221,Currymeet,22,9.90,11.90,15.50
20230221,Curryvegie,22,7.90,9.90,13.50
20230221,GreenGrabgowithmixedWrap,22,8.30,9.30,10.90
20230221,TakeAwaysalad,22,9.50,10.50,11.50
20230221,Gyros,22,8.90,9.90,11.50
20230221,HotSandwichup650,22,6.90,7.90,9.50
20230221,SuppemitBrot,22,7.50,8.50,9.50
20230222,Currymeet,22,9.90,11.90,15.50
20230222,Curryvegie,22,7.90,9.90,13.50
20230222,GreenGrabgowithmixedWrap,22,8.30,9.30,10.90
20230222,TakeAwaysalad,22,9.50,10.50,11.50
20230222,Gyros,22,8.90,9.90,11.50
20230222,HotSandwichup650,22,6.90,7.90,9.50
20230222,SuppemitBrot,22,7.50,8.50,9.50
20230223,Currymeet,22,9.90,11.90,15.50
20230223,Curryvegie,22,7.90,9.90,13.50
20230223,GreenGrabgowithmixedWrap,22,8.30,9.30,10.90
20230223,TakeAwaysalad,22,9.50,10.50,11.50
20230223,Gyros,22,8.90,9.90,11.50
20230223,HotSandwichup650,22,6.90,7.90,9.50
20230223,SuppemitBrot,22,7.50,8.50,9.50
20230224,Currymeet,22,9.90,11.90,15.50
20230224,Curryvegie,22,7.90,9.90,13.50
20230224,GreenGrabgowithmixedWrap,22,8.30,9.30,10.90
20230224,TakeAwaysalad,22,9.50,10.50,11.50
20230224,Gyros,22,8.90,9.90,11.50
20230224,HotSandwichup650,22,6.90,7.90,9.50
20230224,SuppemitBrot,22,7.50,8.50,9.50
20230227,Currymeet,22,9.90,11.90,15.50
20230227,Curryvegie,22,7.90,9.90,13.50
20230227,GreenGrabgowithmixedWrap,22,8.30,9.30,10.90
20230227,TakeAwaysalad,22,9.50,10.50,11.50
20230227,Gyros,22,8.90,9.90,11.50
20230227,HotSandwichup650,22,6.90,7.90,9.50
20230227,SuppemitBrot,22,7.50,8.50,9.50
20230228,Currymeet,22,9.90,11.90,15.50
20230228,Curryvegie,22,7.90,9.90,13.50
20230228,GreenGrabgowithmixedWrap,22,8.30,9.30,10.90
20230228,TakeAwaysalad,22,9.50,10.50,11.50
20230228,Gyros,22,8.90,9.90,11.50
20230228,HotSandwichup650,22,6.90,7.90,9.50
20230228,SuppemitBrot,22,7.50,8.50,9.50
20230301,Currymeet,22,9.90,11.90,15.50
20230301,Curryvegie,22,7.90,9.90,13.50
20230301,GreenGrabgowithmixedWrap,22,8.30,9.30,10.90
20230301,TakeAwaysalad,22,9.50,10.50,11.50
20230301,Gyros,22,8.90,9.90,11.50
20230301,HotSandwichup650,22,6.90,7.90,9.50
20230301,SuppemitBrot,22,7.50,8.50,9.50
20230302,Currymeet,22,9.90,11.90,15.50
20230302,Curryvegie,22,7.90,9.90,13.50
20230302,GreenGrabgowithmixedWrap,22,8.30,9.30,10.90
20230302,TakeAwaysalad,22,9.50,10.50,11.50
20230302,Gyros,22,8.90,9.90,11.50
20230302,HotSandwichup650,22,6.90,7.90,9.50
20230302,SuppemitBrot,22,7.50,8.50,9.50
20230303,Currymeet,22,9.90,11.90,15.50
20230303,Curryvegie,22,7.90,9.90,13.50
20230303,GreenGrabgowithmixedWrap,22,8.30,9.30,10.90
20230303,TakeAwaysalad,22,9.50,10.50,11.50
20230303,Gyros,22,8.90,9.90,11.50
20230303,HotSandwichup650,22,6.90,7.90,9.50
20230303,SuppemitBrot,22,7.50,8.50,9.50
20230306,Currymeet,22,9.90,11.90,15.50
20230306,Curryvegie,22,7.90,9.90,13.50
20230306,GreenGrabgowithmixedWrap,22,8.30,9.30,10.90
20230306,TakeAwaysalad,22,9.50,10.50,11.50
20230306,Gyros,22,8.90,9.90,11.50
20230306,HotSandwichup650,22,6.90,7.90,9.50
20230306,SuppemitBrot,22,7.50,8.50,9.50
20230307,Currymeet,22,9.90,11.90,15.50
20230307,Curryvegie,22,7.90,9.90,13.50
20230307,GreenGrabgowithmixedWrap,22,8.30,9.30,10.90
20230307,TakeAwaysalad,22,9.50,10.50,11.50
20230307,Gyros,22,8.90,9.90,11.50
20230307,HotSandwichup650,22,6.90,7.90,9.50
20230307,SuppemitBrot,22,7.50,8.50,9.50
20230308,Currymeet,22,9.90,11.90,15.50
20230308,Curryvegie,22,7.90,9.90,13.50
20230308,GreenGrabgowithmixedWrap,22,8.30,9.30,10.90
20230308,TakeAwaysalad,22,9.50,10.50,11.50
20230308,Gyros,22,8.90,9.90,11.50
20230308,HotSandwichup650,22,6.90,7.90,9.50
20230308,SuppemitBrot,22,7.50,8.50,9.50
20230309,Currymeet,22,9.90,11.90,15.50
20230309,Curryvegie,22,7.90,9.90,13.50
20230309,GreenGrabgowithmixedWrap,22,8.30,9.30,10.90
20230309,TakeAwaysalad,22,9.50,10.50,11.50
20230309,Gyros,22,8.90,9.90,11.50
20230309,HotSandwichup650,22,6.90,7.90,9.50
20230309,SuppemitBrot,22,7.50,8.50,9.50
20230310,Currymeet,22,9.90,11.90,15.50
20230310,Curryvegie,22,7.90,9.90,13.50
20230310,GreenGrabgowithmixedWrap,22,8.30,9.30,10.90
20230310,TakeAwaysalad,22,9.50,10.50,11.50
20230310,Gyros,22,8.90,9.90,11.50
20230310,HotSandwichup650,22,6.90,7.90,9.50
20230310,SuppemitBrot,22,7.50,8.50,9.50
20230313,Currymeet,22,9.90,11.90,15.50
20230313,Curryvegie,22,7.90,9.90,13.50
20230313,GreenGrabgowithmixedWrap,22,8.30,9.30,10.90
20230313,TakeAwaysalad,22,9.50,10.50,11.50
20230313,Gyros,22,8.90,9.90,11.50
20230313,HotSandwichup650,22,6.90,7.90,9.50
20230313,SuppemitBrot,22,7.50,8.50,9.50
20230314,Currymeet,22,9.90,11.90,15.50
20230314,Curryvegie,22,7.90,9.90,13.50
20230314,GreenGrabgowithmixedWrap,22,8.30,9.30,10.90
20230314,TakeAwaysalad,22,9.50,10.50,11.50
20230314,Gyros,22,8.90,9.90,11.50
20230314,HotSandwichup650,22,6.90,7.90,9.50
20230314,SuppemitBrot,22,7.50,8.50,9.50
20230315,Currymeet,22,9.90,11.90,15.50
20230315,Curryvegie,22,7.90,9.90,13.50
20230315,GreenGrabgowithmixedWrap,22,8.30,9.30,10.90
20230315,TakeAwaysalad,22,9.50,10.50,11.50
20230315,Gyros,22,8.90,9.90,11.50
20230315,HotSandwichup650,22,6.90,7.90,9.50
20230315,SuppemitBrot,22,7.50,8.50,9.50
20230316,Currymeet,22,9.90,11.90,15.50
20230316,Curryvegie,22,7.90,9.90,13.50
20230316,GreenGrabgowithmixedWrap,22,8.30,9.30,10.90
20230316,TakeAwaysalad,22,9.50,10.50,11.50
20230316,Gyros,22,8.90,9.90,11.50
20230316,HotSandwichup650,22,6.90,7.90,9.50
20230316,SuppemitBrot,22,7.50,8.50,9.50
20230317,Currymeet,22,9.90,11.90,15.50
20230317,Curryvegie,22,7.90,9.90,13.50
20230317,GreenGrabgowithmixedWrap,22,8.30,9.30,10.90
20230317,TakeAwaysalad,22,9.50,10.50,11.50
20230317,Gyros,22,8.90,9.90,11.50
20230317,HotSandwichup650,22,6.90,7.90,9.50
20230317,SuppemitBrot,22,7.50,8.50,9.50
20230320,Currymeet,22,9.90,11.90,15.50
20230320,Curryvegie,22,7.90,9.90,13.50
20230320,GreenGrabgowithmixedWrap,22,8.30,9.30,10.90
20230320,TakeAwaysalad,22,9.50,10.50,11.50
20230320,Gyros,22,8.90,9.90,11.50
20230320,HotSandwichup650,22,6.90,7.90,9.50
20230320,SuppemitBrot,22,7.50,8.50,9.50
20230321,Currymeet,22,9.90,11.90,15.50
20230321,Curryvegie,22,7.90,9.90,13.50
20230321,GreenGrabgowithmixedWrap,22,8.30,9.30,10.90
20230321,TakeAwaysalad,22,9.50,10.50,11.50
20230321,Gyros,22,8.90,9.90,11.50
20230321,HotSandwichup650,22,6.90,7.90,9.50
20230321,SuppemitBrot,22,7.50,8.50,9.50
20230322,Currymeet,22,9.90,11.90,15.50
20230322,Curryvegie,22,7.90,9.90,13.50
20230322,GreenGrabgowithmixedWrap,22,8.30,9.30,10.90
20230322,TakeAwaysalad,22,9.50,10.50,11.50
20230322,Gyros,22,8.90,9.90,11.50
20230322,HotSandwichup650,22,6.90,7.90,9.50
20230322,SuppemitBrot,22,7.50,8.50,9.50
20230323,Currymeet,22,9.90,11.90,15.50
20230323,Curryvegie,22,7.90,9.90,13.50
20230323,GreenGrabgowithmixedWrap,22,8.30,9.30,10.90
20230323,TakeAwaysalad,22,9.50,10.50,11.50
20230323,Gyros,22,8.90,9.90,11.50
20230323,HotSandwichup650,22,6.90,7.90,9.50
20230323,SuppemitBrot,22,7.50,8.50,9.50
20230324,Currymeet,22,9.90,11.90,15.50
20230324,Curryvegie,22,7.90,9.90,13.50
20230324,GreenGrabgowithmixedWrap,22,8.30,9.30,10.90
20230324,TakeAwaysalad,22,9.50,10.50,11.50
20230324,Gyros,22,8.90,9.90,11.50
20230324,HotSandwichup650,22,6.90,7.90,9.50
20230324,SuppemitBrot,22,7.50,8.50,9.50
20230327,Currymeet,22,9.90,11.90,15.50
20230327,Curryvegie,22,7.90,9.90,13.50
20230327,GreenGrabgowithmixedWrap,22,8.30,9.30,10.90
20230327,TakeAwaysalad,22,9.50,10.50,11.50
20230327,Gyros,22,8.90,9.90,11.50
20230327,HotSandwichup650,22,6.90,7.90,9.50
20230327,SuppemitBrot,22,7.50,8.50,9.50
20230328,Currymeet,22,9.90,11.90,15.50
20230328,Curryvegie,22,7.90,9.90,13.50
20230328,GreenGrabgowithmixedWrap,22,8.30,9.30,10.90
20230328,TakeAwaysalad,22,9.50,10.50,11.50
20230328,Gyros,22,8.90,9.90,11.50
20230328,HotSandwichup650,22,6.90,7.90,9.50
20230328,SuppemitBrot,22,7.50,8.50,9.50
20230329,Currymeet,22,9.90,11.90,15.50
20230329,Curryvegie,22,7.90,9.90,13.50
20230329,GreenGrabgowithmixedWrap,22,8.30,9.30,10.90
20230329,TakeAwaysalad,22,9.50,10.50,11.50
20230329,Gyros,22,8.90,9.90,11.50
20230329,HotSandwichup650,22,6.90,7.90,9.50
20230329,SuppemitBrot,22,7.50,8.50,9.50
20230330,Currymeet,22,9.90,11.90,15.50
20230330,Curryvegie,22,7.90,9.90,13.50
20230330,GreenGrabgowithmixedWrap,22,8.30,9.30,10.90
20230330,TakeAwaysalad,22,9.50,10.50,11.50
20230330,Gyros,22,8.90,9.90,11.50
20230330,HotSandwichup650,22,6.90,7.90,9.50
20230330,SuppemitBrot,22,7.50,8.50,9.50
20230331,Currymeet,22,9.90,11.90,15.50
20230331,Curryvegie,22,7.90,9.90,13.50
20230331,GreenGrabgowithmixedWrap,22,8.30,9.30,10.90
20230331,TakeAwaysalad,22,9.50,10.50,11.50
20230331,Gyros,22,8.90,9.90,11.50
20230331,HotSandwichup650,22,6.90,7.90,9.50
20230331,SuppemitBrot,22,7.50,8.50,9.50
20230403,Currymeet,22,9.90,11.90,15.50
20230403,Curryvegie,22,7.90,9.90,13.50
20230403,GreenGrabgowithmixedWrap,22,8.30,9.30,10.90
20230403,TakeAwaysalad,22,9.50,10.50,11.50
20230403,Gyros,22,8.90,9.90,11.50
20230403,HotSandwichup650,22,6.90,7.90,9.50
20230403,SuppemitBrot,22,7.50,8.50,9.50
20230404,Currymeet,22,9.90,11.90,15.50
20230404,Curryvegie,22,7.90,9.90,13.50
20230404,GreenGrabgowithmixedWrap,22,8.30,9.30,10.90
20230404,TakeAwaysalad,22,9.50,10.50,11.50
20230404,Gyros,22,8.90,9.90,11.50
20230404,HotSandwichup650,22,6.90,7.90,9.50
20230404,SuppemitBrot,22,7.50,8.50,9.50
20230405,Currymeet,22,9.90,11.90,15.50
20230405,Curryvegie,22,7.90,9.90,13.50
20230405,GreenGrabgowithmixedWrap,22,8.30,9.30,10.90
20230405,TakeAwaysalad,22,9.50,10.50,11.50
20230405,Gyros,22,8.90,9.90,11.50
20230405,HotSandwichup650,22,6.90,7.90,9.50
20230405,SuppemitBrot,22,7.50,8.50,9.50
20230406,Currymeet,22,9.90,11.90,15.50
20230406,Curryvegie,22,7.90,9.90,13.50
20230406,GreenGrabgowithmixedWrap,22,8.30,9.30,10.90
20230406,TakeAwaysalad,22,9.50,10.50,11.50
20230406,Gyros,22,8.90,9.90,11.50
20230406,HotSandwichup650,22,6.90,7.90,9.50
20230406,SuppemitBrot,22,7.50,8.50,9.50
20230407,Currymeet,22,9.90,11.90,15.50
20230407,Curryvegie,22,7.90,9.90,13.50
20230407,GreenGrabgowithmixedWrap,22,8.30,9.30,10.90
20230407,TakeAwaysalad,22,9.50,10.50,11.50
20230407,Gyros,22,8.90,9.90,11.50
20230407,HotSandwichup650,22,6.90,7.90,9.50
20230407,SuppemitBrot,22,7.50,8.50,9.50
20230410,Currymeet,22,9.90,11.90,15.50
20230410,Curryvegie,22,7.90,9.90,13.50
20230410,GreenGrabgowithmixedWrap,22,8.30,9.30,10.90
20230410,TakeAwaysalad,22,9.50,10.50,11.50
20230410,Gyros,22,8.90,9.90,11.50
20230410,HotSandwichup650,22,6.90,7.90,9.50
20230410,SuppemitBrot,22,7.50,8.50,9.50
20230411,Currymeet,22,9.90,11.90,15.50
20230411,Curryvegie,22,7.90,9.90,13.50
20230411,GreenGrabgowithmixedWrap,22,8.30,9.30,10.90
20230411,TakeAwaysalad,22,9.50,10.50,11.50
20230411,Gyros,22,8.90,9.90,11.50
20230411,HotSandwichup650,22,6.90,7.90,9.50
20230411,SuppemitBrot,22,7.50,8.50,9.50
20230412,Currymeet,22,9.90,11.90,15.50
20230412,Curryvegie,22,7.90,9.90,13.50
20230412,GreenGrabgowithmixedWrap,22,8.30,9.30,10.90
20230412,TakeAwaysalad,22,9.50,10.50,11.50
20230412,Gyros,22,8.90,9.90,11.50
20230412,HotSandwichup650,22,6.90,7.90,9.50
20230412,SuppemitBrot,22,7.50,8.50,9.50
20230413,Currymeet,22,9.90,11.90,15.50
20230413,Curryvegie,22,7.90,9.90,13.50
20230413,GreenGrabgowithmixedWrap,22,8.30,9.30,10.90
20230413,TakeAwaysalad,22,9.50,10.50,11.50
20230413,Gyros,22,8.90,9.90,11.50
20230413,HotSandwichup650,22,6.90,7.90,9.50
20230413,SuppemitBrot,22,7.50,8.50,9.50
20230414,Currymeet,22,9.90,11.90,15.50
20230414,Curryvegie,22,7.90,9.90,13.50
20230414,GreenGrabgowithmixedWrap,22,8.30,9.30,10.90
20230414,TakeAwaysalad,22,9.50,10.50,11.50
20230414,Gyros,22,8.90,9.90,11.50
20230414,HotSandwichup650,22,6.90,7.90,9.50
20230414,SuppemitBrot,22,7.50,8.50,9.50
20230417,Currymeet,22,9.90,11.90,15.50
20230417,Curryvegie,22,7.90,9.90,13.50
20230417,GreenGrabgowithmixedWrap,22,8.30,9.30,10.90
20230417,TakeAwaysalad,22,9.50,10.50,11.50
20230417,Gyros,22,8.90,9.90,11.50
20230417,HotSandwichup650,22,6.90,7.90,9.50
20230417,SuppemitBrot,22,7.50,8.50,9.50
20230418,Currymeet,22,9.90,11.90,15.50
20230418,Curryvegie,22,7.90,9.90,13.50
20230418,GreenGrabgowithmixedWrap,22,8.30,9.30,10.90
20230418,TakeAwaysalad,22,9.50,10.50,11.50
20230418,Gyros,22,8.90,9.90,11.50
20230418,HotSandwichup650,22,6.90,7.90,9.50
20230418,SuppemitBrot,22,7.50,8.50,9.50
20230419,Currymeet,22,9.90,11.90,15.50
20230419,Curryvegie,22,7.90,9.90,13.50
20230419,GreenGrabgowithmixedWrap,22,8.30,9.30,10.90
20230419,TakeAwaysalad,22,9.50,10.50,11.50
20230419,Gyros,22,8.90,9.90,11.50
20230419,HotSandwichup650,22,6.90,7.90,9.50
20230419,SuppemitBrot,22,7.50,8.50,9.50
20230420,Currymeet,22,9.90,11.90,15.50
20230420,Curryvegie,22,7.90,9.90,13.50
20230420,GreenGrabgowithmixedWrap,22,8.30,9.30,10.90
20230420,TakeAwaysalad,22,9.50,10.50,11.50
20230420,Gyros,22,8.90,9.90,11.50
20230420,HotSandwichup650,22,6.90,7.90,9.50
20230420,SuppemitBrot,22,7.50,8.50,9.50
20230421,Currymeet,22,9.90,11.90,15.50
20230421,Curryvegie,22,7.90,9.90,13.50
20230421,GreenGrabgowithmixedWrap,22,8.30,9.30,10.90
20230421,TakeAwaysalad,22,9.50,10.50,11.50
20230421,Gyros,22,8.90,9.90,11.50
20230421,HotSandwichup650,22,6.90,7.90,9.50
20230421,SuppemitBrot,22,7.50,8.50,9.50
20230424,Currymeet,22,9.90,11.90,15.50
20230424,Curryvegie,22,7.90,9.90,13.50
20230424,GreenGrabgowithmixedWrap,22,8.30,9.30,10.90
20230424,TakeAwaysalad,22,9.50,10.50,11.50
20230424,Gyros,22,8.90,9.90,11.50
20230424,HotSandwichup650,22,6.90,7.90,9.50
20230424,SuppemitBrot,22,7.50,8.50,9.50
20230425,Currymeet,22,9.90,11.90,15.50
20230425,Curryvegie,22,7.90,9.90,13.50
20230425,GreenGrabgowithmixedWrap,22,8.30,9.30,10.90
20230425,TakeAwaysalad,22,9.50,10.50,11.50
20230425,Gyros,22,8.90,9.90,11.50
20230425,HotSandwichup650,22,6.90,7.90,9.50
20230425,SuppemitBrot,22,7.50,8.50,9.50
20230426,Currymeet,22,9.90,11.90,15.50
20230426,Curryvegie,22,7.90,9.90,13.50
20230426,GreenGrabgowithmixedWrap,22,8.30,9.30,10.90
20230426,TakeAwaysalad,22,9.50,10.50,11.50
20230426,Gyros,22,8.90,9.90,11.50
20230426,HotSandwichup650,22,6.90,7.90,9.50
20230426,SuppemitBrot,22,7.50,8.50,9.50
20230227,2CourseMenuincl5dlmineralwater1coffeeorespresso,25,26.00,26.00,26.00
20230227,Starter1,25,0.00,0.00,0.00
20230227,Starter2,25,0.00,0.00,0.00
20230227,Starter3,25,0.00,0.00,0.00
20230227,Maincourse1,25,0.00,0.00,0.00
20230227,Maincourse3,25,0.00,0.00,0.00
20230227,MainCourse3,25,0.00,0.00,0.00
20230228,2CourseMenuincl5dlmineralwater1coffeeorespresso,25,26.00,26.00,26.00
20230228,Starter1,25,0.00,0.00,0.00
20230228,Starter2,25,0.00,0.00,0.00
20230228,Starter3,25,0.00,0.00,0.00
20230228,Maincourse1,25,0.00,0.00,0.00
20230228,Maincourse3,25,0.00,0.00,0.00
20230228,MainCourse3,25,0.00,0.00,0.00
20230301,2CourseMenuincl5dlmineralwater1coffeeorespresso,25,26.00,26.00,26.00
20230301,Starter1,25,0.00,0.00,0.00
20230301,Starter2,25,0.00,0.00,0.00
20230301,Starter3,25,0.00,0.00,0.00
20230301,Maincourse1,25,0.00,0.00,0.00
20230301,Maincourse3,25,0.00,0.00,0.00
20230301,MainCourse3,25,0.00,0.00,0.00
20230302,2CourseMenuincl5dlmineralwater1coffeeorespresso,25,26.00,26.00,26.00
20230302,Starter1,25,0.00,0.00,0.00
20230302,Starter2,25,0.00,0.00,0.00
20230302,Starter3,25,0.00,0.00,0.00
20230302,Maincourse1,25,0.00,0.00,0.00
20230302,Maincourse3,25,0.00,0.00,0.00
20230302,MainCourse3,25,0.00,0.00,0.00
20230303,2CourseMenuincl5dlmineralwater1coffeeorespresso,25,26.00,26.00,26.00
20230303,Starter1,25,0.00,0.00,0.00
20230303,Starter2,25,0.00,0.00,0.00
20230303,Starter3,25,0.00,0.00,0.00
20230303,Maincourse1,25,0.00,0.00,0.00
20230303,Maincourse3,25,0.00,0.00,0.00
20230303,MainCourse3,25,0.00,0.00,0.00
20230306,Starter1,25,26.00,26.00,26.00
20230306,Maincourse1,25,26.00,26.00,26.00
20230306,Maincourse3,25,0.00,0.00,0.00
20230306,MainCourse3,25,26.00,26.00,26.00
20230307,Starter1,25,26.00,26.00,26.00
20230307,Maincourse1,25,26.00,26.00,26.00
20230307,Maincourse3,25,26.00,26.00,26.00
20230307,MainCourse3,25,26.00,26.00,26.00
20230308,Starter1,25,26.00,26.00,26.00
20230308,Maincourse1,25,26.00,26.00,26.00
20230308,Maincourse3,25,26.00,26.00,26.00
20230308,MainCourse3,25,26.00,26.00,26.00
20230309,Starter1,25,26.00,26.00,26.00
20230309,Maincourse1,25,26.00,26.00,26.00
20230309,Maincourse3,25,26.00,26.00,26.00
20230309,MainCourse3,25,26.00,26.00,26.00
20230310,Starter1,25,26.00,26.00,26.00
20230310,Maincourse1,25,26.00,26.00,26.00
20230310,Maincourse3,25,26.00,26.00,26.00
20230310,MainCourse3,25,26.00,26.00,26.00
20230313,Starter1,25,0.00,0.00,0.00
20230313,Maincourse1,25,26.00,26.00,26.00
20230313,Maincourse3,25,26.00,26.00,26.00
20230313,MainCourse3,25,26.00,26.00,26.00
20230314,Starter1,25,0.00,0.00,0.00
20230314,Maincourse1,25,26.00,26.00,26.00
20230314,Maincourse3,25,26.00,26.00,26.00
20230314,MainCourse3,25,26.00,26.00,26.00
20230315,Starter1,25,0.00,0.00,0.00
20230315,Maincourse1,25,26.00,26.00,26.00
20230315,Maincourse3,25,26.00,26.00,26.00
20230315,MainCourse3,25,26.00,26.00,26.00
20230316,Starter1,25,0.00,0.00,0.00
20230316,Maincourse1,25,26.00,26.00,26.00
20230316,Maincourse3,25,26.00,26.00,26.00
20230316,MainCourse3,25,26.00,26.00,26.00
20230317,Starter1,25,0.00,0.00,0.00
20230317,Maincourse1,25,26.00,26.00,26.00
20230317,Maincourse3,25,26.00,26.00,26.00
20230317,MainCourse3,25,26.00,26.00,26.00
20230320,Starter1,25,26.00,26.00,26.00
20230320,Maincourse1,25,26.00,26.00,26.00
20230320,Maincourse3,25,26.00,26.00,26.00
20230320,MainCourse3,25,0.00,0.00,0.00
20230321,Starter1,25,26.00,26.00,26.00
20230321,Maincourse1,25,26.00,26.00,26.00
20230321,Maincourse3,25,26.00,26.00,26.00
20230321,MainCourse3,25,0.00,0.00,0.00
20230322,Starter1,25,26.00,26.00,26.00
20230322,Maincourse1,25,26.00,26.00,26.00
20230322,Maincourse3,25,26.00,26.00,26.00
20230322,MainCourse3,25,0.00,0.00,0.00
20230323,Starter1,25,26.00,26.00,26.00
20230323,Maincourse1,25,26.00,26.00,26.00
20230323,Maincourse3,25,26.00,26.00,26.00
20230323,MainCourse3,25,0.00,0.00,0.00
20230324,Starter1,25,26.00,26.00,26.00
20230324,Maincourse1,25,26.00,26.00,26.00
20230324,Maincourse3,25,26.00,26.00,26.00
20230324,MainCourse3,25,0.00,0.00,0.00
20230327,2CourseMenuincl5dlmineralwater1coffeeorespresso,25,26.00,26.00,26.00
20230327,Starter2,25,26.00,26.00,26.00
20230327,Starter3,25,26.00,26.00,26.00
20230327,Maincourse1,25,0.00,0.00,0.00
20230327,Maincourse3,25,26.00,26.00,26.00
20230327,MainCourse3,25,26.00,26.00,26.00
20230328,2CourseMenuincl5dlmineralwater1coffeeorespresso,25,26.00,26.00,26.00
20230328,Starter2,25,26.00,26.00,26.00
20230328,Starter3,25,26.00,26.00,26.00
20230328,Maincourse1,25,0.00,0.00,0.00
20230328,Maincourse3,25,26.00,26.00,26.00
20230328,MainCourse3,25,26.00,26.00,26.00
20230329,2CourseMenuincl5dlmineralwater1coffeeorespresso,25,26.00,26.00,26.00
20230329,Starter2,25,26.00,26.00,26.00
20230329,Starter3,25,26.00,26.00,26.00
20230329,Maincourse1,25,0.00,0.00,0.00
20230329,Maincourse3,25,26.00,26.00,26.00
20230329,MainCourse3,25,26.00,26.00,26.00
20230330,2CourseMenuincl5dlmineralwater1coffeeorespresso,25,26.00,26.00,26.00
20230330,Starter2,25,26.00,26.00,26.00
20230330,Starter3,25,26.00,26.00,26.00
20230330,Maincourse1,25,0.00,0.00,0.00
20230330,Maincourse3,25,26.00,26.00,26.00
20230330,MainCourse3,25,26.00,26.00,26.00
20230331,2CourseMenuincl5dlmineralwater1coffeeorespresso,25,26.00,26.00,26.00
20230331,Starter2,25,26.00,26.00,26.00
20230331,Starter3,25,26.00,26.00,26.00
20230331,Maincourse1,25,0.00,0.00,0.00
20230331,Maincourse3,25,26.00,26.00,26.00
20230331,MainCourse3,25,26.00,26.00,26.00
20230403,2CourseMenuincl5dlmineralwater1coffeeorespresso,25,26.00,26.00,26.00
20230403,Starter1,25,0.00,0.00,0.00
20230403,Starter2,25,0.00,0.00,0.00
20230403,Starter3,25,0.00,0.00,0.00
20230403,Maincourse1,25,0.00,0.00,0.00
20230403,Maincourse3,25,0.00,0.00,0.00
20230404,2CourseMenuincl5dlmineralwater1coffeeorespresso,25,26.00,26.00,26.00
20230404,Starter1,25,0.00,0.00,0.00
20230404,Starter2,25,0.00,0.00,0.00
20230404,Starter3,25,0.00,0.00,0.00
20230404,Maincourse1,25,0.00,0.00,0.00
20230404,Maincourse3,25,0.00,0.00,0.00
20230405,2CourseMenuincl5dlmineralwater1coffeeorespresso,25,26.00,26.00,26.00
20230405,Starter1,25,0.00,0.00,0.00
20230405,Starter2,25,0.00,0.00,0.00
20230405,Starter3,25,0.00,0.00,0.00
20230405,Maincourse1,25,0.00,0.00,0.00
20230405,Maincourse3,25,0.00,0.00,0.00
20230406,2CourseMenuincl5dlmineralwater1coffeeorespresso,25,26.00,26.00,26.00
20230406,Starter1,25,0.00,0.00,0.00
20230406,Starter2,25,0.00,0.00,0.00
20230406,Starter3,25,0.00,0.00,0.00
20230406,Maincourse1,25,0.00,0.00,0.00
20230406,Maincourse3,25,0.00,0.00,0.00
20230407,2CourseMenuincl5dlmineralwater1coffeeorespresso,25,26.00,26.00,26.00
20230407,Starter1,25,0.00,0.00,0.00
20230407,Starter2,25,0.00,0.00,0.00
20230407,Starter3,25,0.00,0.00,0.00
20230407,Maincourse1,25,0.00,0.00,0.00
20230407,Maincourse3,25,0.00,0.00,0.00
20230410,Starter1,25,26.00,26.00,26.00
20230410,Starter2,25,0.00,0.00,0.00
20230410,Starter3,25,0.00,0.00,0.00
20230410,Maincourse1,25,0.00,0.00,0.00
20230410,Maincourse3,25,0.00,0.00,0.00
20230410,MainCourse3,25,0.00,0.00,0.00
20230411,Starter1,25,26.00,26.00,26.00
20230411,Starter2,25,0.00,0.00,0.00
20230411,Starter3,25,0.00,0.00,0.00
20230411,Maincourse1,25,0.00,0.00,0.00
20230411,Maincourse3,25,0.00,0.00,0.00
20230411,MainCourse3,25,0.00,0.00,0.00
20230412,Starter1,25,26.00,26.00,26.00
20230412,Starter2,25,0.00,0.00,0.00
20230412,Starter3,25,0.00,0.00,0.00
20230412,Maincourse1,25,0.00,0.00,0.00
20230412,Maincourse3,25,0.00,0.00,0.00
20230412,MainCourse3,25,0.00,0.00,0.00
20230413,Starter1,25,26.00,26.00,26.00
20230413,Starter2,25,0.00,0.00,0.00
20230413,Starter3,25,0.00,0.00,0.00
20230413,Maincourse1,25,0.00,0.00,0.00
20230413,Maincourse3,25,0.00,0.00,0.00
20230413,MainCourse3,25,0.00,0.00,0.00
20230414,Starter1,25,26.00,26.00,26.00
20230414,Starter2,25,0.00,0.00,0.00
20230414,Starter3,25,0.00,0.00,0.00
20230414,Maincourse1,25,0.00,0.00,0.00
20230414,Maincourse3,25,0.00,0.00,0.00
20230414,MainCourse3,25,0.00,0.00,0.00
20230424,Starter1,25,26.00,26.00,26.00
20230424,Starter2,25,26.00,26.00,26.00
20230424,Starter3,25,26.00,26.00,26.00
20230424,Maincourse1,25,26.00,26.00,26.00
20230424,Maincourse3,25,0.00,0.00,0.00
20230424,MainCourse3,25,26.00,26.00,26.00
20230425,Starter1,25,26.00,26.00,26.00
20230425,Starter2,25,26.00,26.00,26.00
20230425,Starter3,25,26.00,26.00,26.00
20230425,Maincourse1,25,26.00,26.00,26.00
20230425,Maincourse3,25,0.00,0.00,0.00
20230425,MainCourse3,25,26.00,26.00,26.00
20230426,Starter1,25,26.00,26.00,26.00
20230426,Starter2,25,26.00,26.00,26.00
20230426,Starter3,25,26.00,26.00,26.00
20230426,Maincourse1,25,26.00,26.00,26.00
20230426,Maincourse3,25,0.00,0.00,0.00
20230426,MainCourse3,25,26.00,26.00,26.00
Date,Name,Restaurant,STUDENT,INT,EXT
20230102,ChickenMeatballs,27,8.90,12.90,13.90
20230102,Tofu,27,9.90,13.90,14.90
20230102,GrilledBeef,27,10.90,14.90,15.90
20230102,ChickenSatay,27,11.90,15.90,16.90
20230102,PlantedChicken,27,11.90,15.90,17.90
20230103,ChickenMeatballs,27,8.90,12.90,13.90
20230103,Tofu,27,9.90,13.90,14.90
20230103,GrilledBeef,27,10.90,14.90,15.90
20230103,ChickenSatay,27,11.90,15.90,16.90
20230103,PlantedChicken,27,11.90,15.90,17.90
20230104,ChickenMeatballs,27,8.90,12.90,13.90
20230104,Tofu,27,9.90,13.90,14.90
20230104,GrilledBeef,27,10.90,14.90,15.90
20230104,ChickenSatay,27,11.90,15.90,16.90
20230104,PlantedChicken,27,11.90,15.90,17.90
20230105,ChickenMeatballs,27,8.90,12.90,13.90
20230105,Tofu,27,9.90,13.90,14.90
20230105,GrilledBeef,27,10.90,14.90,15.90
20230105,ChickenSatay,27,11.90,15.90,16.90
20230105,PlantedChicken,27,11.90,15.90,17.90
20230106,ChickenMeatballs,27,8.90,12.90,13.90
20230106,Tofu,27,9.90,13.90,14.90
20230106,GrilledBeef,27,10.90,14.90,15.90
20230106,ChickenSatay,27,11.90,15.90,16.90
20230106,PlantedChicken,27,11.90,15.90,17.90
20230109,ChickenMeatballs,27,8.90,12.90,13.90
20230109,Tofu,27,9.90,13.90,14.90
20230109,GrilledBeef,27,10.90,14.90,15.90
20230109,ChickenSatay,27,11.90,15.90,16.90
20230109,PlantedChicken,27,11.90,15.90,17.90
20230110,ChickenMeatballs,27,8.90,12.90,13.90
20230110,Tofu,27,9.90,13.90,14.90
20230110,GrilledBeef,27,10.90,14.90,15.90
20230110,ChickenSatay,27,11.90,15.90,16.90
20230110,PlantedChicken,27,11.90,15.90,17.90
20230111,ChickenMeatballs,27,8.90,12.90,13.90
20230111,Tofu,27,9.90,13.90,14.90
20230111,GrilledBeef,27,10.90,14.90,15.90
20230111,ChickenSatay,27,11.90,15.90,16.90
20230111,PlantedChicken,27,11.90,15.90,17.90
20230112,ChickenMeatballs,27,8.90,12.90,13.90
20230112,Tofu,27,9.90,13.90,14.90
20230112,GrilledBeef,27,10.90,14.90,15.90
20230112,ChickenSatay,27,11.90,15.90,16.90
20230112,PlantedChicken,27,11.90,15.90,17.90
20230113,ChickenMeatballs,27,8.90,12.90,13.90
20230113,Tofu,27,9.90,13.90,14.90
20230113,GrilledBeef,27,10.90,14.90,15.90
20230113,ChickenSatay,27,11.90,15.90,16.90
20230113,PlantedChicken,27,11.90,15.90,17.90
20230116,ChickenMeatballs,27,8.90,12.90,13.90
20230116,Tofu,27,9.90,13.90,14.90
20230116,GrilledBeef,27,10.90,14.90,15.90
20230116,ChickenSatay,27,11.90,15.90,16.90
20230116,PlantedChicken,27,11.90,15.90,17.90
20230117,ChickenMeatballs,27,8.90,12.90,13.90
20230117,Tofu,27,9.90,13.90,14.90
20230117,GrilledBeef,27,10.90,14.90,15.90
20230117,ChickenSatay,27,11.90,15.90,16.90
20230117,PlantedChicken,27,11.90,15.90,17.90
20230118,ChickenMeatballs,27,8.90,12.90,13.90
20230118,Tofu,27,9.90,13.90,14.90
20230118,GrilledBeef,27,10.90,14.90,15.90
20230118,ChickenSatay,27,11.90,15.90,16.90
20230118,PlantedChicken,27,11.90,15.90,17.90
20230119,ChickenMeatballs,27,8.90,12.90,13.90
20230119,Tofu,27,9.90,13.90,14.90
20230119,GrilledBeef,27,10.90,14.90,15.90
20230119,ChickenSatay,27,11.90,15.90,16.90
20230119,PlantedChicken,27,11.90,15.90,17.90
20230120,ChickenMeatballs,27,8.90,12.90,13.90
20230120,Tofu,27,9.90,13.90,14.90
20230120,GrilledBeef,27,10.90,14.90,15.90
20230120,ChickenSatay,27,11.90,15.90,16.90
20230120,PlantedChicken,27,11.90,15.90,17.90
20230123,ChickenMeatballs,27,8.90,12.90,13.90
20230123,Tofu,27,9.90,13.90,14.90
20230123,GrilledBeef,27,10.90,14.90,15.90
20230123,ChickenSatay,27,11.90,15.90,16.90
20230123,PlantedChicken,27,11.90,15.90,17.90
20230124,ChickenMeatballs,27,8.90,12.90,13.90
20230124,Tofu,27,9.90,13.90,14.90
20230124,GrilledBeef,27,10.90,14.90,15.90
20230124,ChickenSatay,27,11.90,15.90,16.90
20230124,PlantedChicken,27,11.90,15.90,17.90
20230125,ChickenMeatballs,27,8.90,12.90,13.90
20230125,Tofu,27,9.90,13.90,14.90
20230125,GrilledBeef,27,10.90,14.90,15.90
20230125,ChickenSatay,27,11.90,15.90,16.90
20230125,PlantedChicken,27,11.90,15.90,17.90
20230126,ChickenMeatballs,27,8.90,12.90,13.90
20230126,Tofu,27,9.90,13.90,14.90
20230126,GrilledBeef,27,10.90,14.90,15.90
20230126,ChickenSatay,27,11.90,15.90,16.90
20230126,PlantedChicken,27,11.90,15.90,17.90
20230127,ChickenMeatballs,27,8.90,12.90,13.90
20230127,Tofu,27,9.90,13.90,14.90
20230127,GrilledBeef,27,10.90,14.90,15.90
20230127,ChickenSatay,27,11.90,15.90,16.90
20230127,PlantedChicken,27,11.90,15.90,17.90
20230130,ChickenMeatballs,27,8.90,12.90,13.90
20230130,Tofu,27,9.90,13.90,14.90
20230130,GrilledBeef,27,10.90,14.90,15.90
20230130,ChickenSatay,27,11.90,15.90,16.90
20230130,PlantedChicken,27,11.90,15.90,17.90
20230131,ChickenMeatballs,27,8.90,12.90,13.90
20230131,Tofu,27,9.90,13.90,14.90
20230131,GrilledBeef,27,10.90,14.90,15.90
20230131,ChickenSatay,27,11.90,15.90,16.90
20230131,PlantedChicken,27,11.90,15.90,17.90
20230201,ChickenMeatballs,27,8.90,12.90,13.90
20230201,Tofu,27,9.90,13.90,14.90
20230201,GrilledBeef,27,10.90,14.90,15.90
20230201,ChickenSatay,27,11.90,15.90,16.90
20230201,PlantedChicken,27,11.90,15.90,17.90
20230202,ChickenMeatballs,27,8.90,12.90,13.90
20230202,Tofu,27,9.90,13.90,14.90
20230202,GrilledBeef,27,10.90,14.90,15.90
20230202,ChickenSatay,27,11.90,15.90,16.90
20230202,PlantedChicken,27,11.90,15.90,17.90
20230203,ChickenMeatballs,27,8.90,12.90,13.90
20230203,Tofu,27,9.90,13.90,14.90
20230203,GrilledBeef,27,10.90,14.90,15.90
20230203,ChickenSatay,27,11.90,15.90,16.90
20230203,PlantedChicken,27,11.90,15.90,17.90
20230206,ChickenMeatballs,27,8.90,12.90,13.90
20230206,Tofu,27,9.90,13.90,14.90
20230206,GrilledBeef,27,10.90,14.90,15.90
20230206,ChickenSatay,27,11.90,15.90,16.90
20230206,PlantedChicken,27,11.90,15.90,17.90
20230207,ChickenMeatballs,27,8.90,12.90,13.90
20230207,Tofu,27,9.90,13.90,14.90
20230207,GrilledBeef,27,10.90,14.90,15.90
20230207,ChickenSatay,27,11.90,15.90,16.90
20230207,PlantedChicken,27,11.90,15.90,17.90
20230208,ChickenMeatballs,27,8.90,12.90,13.90
20230208,Tofu,27,9.90,13.90,14.90
20230208,GrilledBeef,27,10.90,14.90,15.90
20230208,ChickenSatay,27,11.90,15.90,16.90
20230208,PlantedChicken,27,11.90,15.90,17.90
20230209,ChickenMeatballs,27,8.90,12.90,13.90
20230209,Tofu,27,9.90,13.90,14.90
20230209,GrilledBeef,27,10.90,14.90,15.90
20230209,ChickenSatay,27,11.90,15.90,16.90
20230209,PlantedChicken,27,11.90,15.90,17.90
20230210,ChickenMeatballs,27,8.90,12.90,13.90
20230210,Tofu,27,9.90,13.90,14.90
20230210,GrilledBeef,27,10.90,14.90,15.90
20230210,ChickenSatay,27,11.90,15.90,16.90
20230210,PlantedChicken,27,11.90,15.90,17.90
20230213,ChickenMeatballs,27,8.90,12.90,13.90
20230213,Tofu,27,9.90,13.90,14.90
20230213,GrilledBeef,27,10.90,14.90,15.90
20230213,ChickenSatay,27,11.90,15.90,16.90
20230213,PlantedChicken,27,11.90,15.90,17.90
20230214,ChickenMeatballs,27,8.90,12.90,13.90
20230214,Tofu,27,9.90,13.90,14.90
20230214,GrilledBeef,27,10.90,14.90,15.90
20230214,ChickenSatay,27,11.90,15.90,16.90
20230214,PlantedChicken,27,11.90,15.90,17.90
20230215,ChickenMeatballs,27,8.90,12.90,13.90
20230215,Tofu,27,9.90,13.90,14.90
20230215,GrilledBeef,27,10.90,14.90,15.90
20230215,ChickenSatay,27,11.90,15.90,16.90
20230215,PlantedChicken,27,11.90,15.90,17.90
20230216,ChickenMeatballs,27,8.90,12.90,13.90
20230216,Tofu,27,9.90,13.90,14.90
20230216,GrilledBeef,27,10.90,14.90,15.90
20230216,ChickenSatay,27,11.90,15.90,16.90
20230216,PlantedChicken,27,11.90,15.90,17.90
20230217,ChickenMeatballs,27,8.90,12.90,13.90
20230217,Tofu,27,9.90,13.90,14.90
20230217,GrilledBeef,27,10.90,14.90,15.90
20230217,ChickenSatay,27,11.90,15.90,16.90
20230217,PlantedChicken,27,11.90,15.90,17.90
20230220,ChickenMeatballs,27,8.90,12.90,13.90
20230220,Tofu,27,9.90,13.90,14.90
20230220,GrilledBeef,27,10.90,14.90,15.90
20230220,ChickenSatay,27,11.90,15.90,16.90
20230220,PlantedChicken,27,11.90,15.90,17.90
20230221,ChickenMeatballs,27,8.90,12.90,13.90
20230221,Tofu,27,9.90,13.90,14.90
20230221,GrilledBeef,27,10.90,14.90,15.90
20230221,ChickenSatay,27,11.90,15.90,16.90
20230221,PlantedChicken,27,11.90,15.90,17.90
20230222,ChickenMeatballs,27,8.90,12.90,13.90
20230222,Tofu,27,9.90,13.90,14.90
20230222,GrilledBeef,27,10.90,14.90,15.90
20230222,ChickenSatay,27,11.90,15.90,16.90
20230222,PlantedChicken,27,11.90,15.90,17.90
20230223,ChickenMeatballs,27,8.90,12.90,13.90
20230223,Tofu,27,9.90,13.90,14.90
20230223,GrilledBeef,27,10.90,14.90,15.90
20230223,ChickenSatay,27,11.90,15.90,16.90
20230223,PlantedChicken,27,11.90,15.90,17.90
20230224,ChickenMeatballs,27,8.90,12.90,13.90
20230224,Tofu,27,9.90,13.90,14.90
20230224,GrilledBeef,27,10.90,14.90,15.90
20230224,ChickenSatay,27,11.90,15.90,16.90
20230224,PlantedChicken,27,11.90,15.90,17.90
20230227,ChickenMeatballs,27,8.90,12.90,13.90
20230227,Tofu,27,9.90,13.90,14.90
20230227,GrilledBeef,27,10.90,14.90,15.90
20230227,ChickenSatay,27,11.90,15.90,16.90
20230227,PlantedChicken,27,11.90,15.90,17.90
20230228,ChickenMeatballs,27,8.90,12.90,13.90
20230228,Tofu,27,9.90,13.90,14.90
20230228,GrilledBeef,27,10.90,14.90,15.90
20230228,ChickenSatay,27,11.90,15.90,16.90
20230228,PlantedChicken,27,11.90,15.90,17.90
20230301,ChickenMeatballs,27,8.90,12.90,13.90
20230301,Tofu,27,9.90,13.90,14.90
20230301,GrilledBeef,27,10.90,14.90,15.90
20230301,ChickenSatay,27,11.90,15.90,16.90
20230301,PlantedChicken,27,11.90,15.90,17.90
20230302,ChickenMeatballs,27,8.90,12.90,13.90
20230302,Tofu,27,9.90,13.90,14.90
20230302,GrilledBeef,27,10.90,14.90,15.90
20230302,ChickenSatay,27,11.90,15.90,16.90
20230302,PlantedChicken,27,11.90,15.90,17.90
20230303,ChickenMeatballs,27,8.90,12.90,13.90
20230303,Tofu,27,9.90,13.90,14.90
20230303,GrilledBeef,27,10.90,14.90,15.90
20230303,ChickenSatay,27,11.90,15.90,16.90
20230303,PlantedChicken,27,11.90,15.90,17.90
20230306,ChickenMeatballs,27,8.90,12.90,13.90
20230306,Tofu,27,9.90,13.90,14.90
20230306,GrilledBeef,27,10.90,14.90,15.90
20230306,ChickenSatay,27,11.90,15.90,16.90
20230306,PlantedChicken,27,11.90,15.90,17.90
20230307,ChickenMeatballs,27,8.90,12.90,13.90
20230307,Tofu,27,9.90,13.90,14.90
20230307,GrilledBeef,27,10.90,14.90,15.90
20230307,ChickenSatay,27,11.90,15.90,16.90
20230307,PlantedChicken,27,11.90,15.90,17.90
20230308,ChickenMeatballs,27,8.90,12.90,13.90
20230308,Tofu,27,9.90,13.90,14.90
20230308,GrilledBeef,27,10.90,14.90,15.90
20230308,ChickenSatay,27,11.90,15.90,16.90
20230308,PlantedChicken,27,11.90,15.90,17.90
20230309,ChickenMeatballs,27,8.90,12.90,13.90
20230309,Tofu,27,9.90,13.90,14.90
20230309,GrilledBeef,27,10.90,14.90,15.90
20230309,ChickenSatay,27,11.90,15.90,16.90
20230309,PlantedChicken,27,11.90,15.90,17.90
20230310,ChickenMeatballs,27,8.90,12.90,13.90
20230310,Tofu,27,9.90,13.90,14.90
20230310,GrilledBeef,27,10.90,14.90,15.90
20230310,ChickenSatay,27,11.90,15.90,16.90
20230310,PlantedChicken,27,11.90,15.90,17.90
20230313,ChickenMeatballs,27,8.90,12.90,13.90
20230313,Tofu,27,9.90,13.90,14.90
20230313,GrilledBeef,27,10.90,14.90,15.90
20230313,ChickenSatay,27,11.90,15.90,16.90
20230313,PlantedChicken,27,11.90,15.90,17.90
20230314,ChickenMeatballs,27,8.90,12.90,13.90
20230314,Tofu,27,9.90,13.90,14.90
20230314,GrilledBeef,27,10.90,14.90,15.90
20230314,ChickenSatay,27,11.90,15.90,16.90
20230314,PlantedChicken,27,11.90,15.90,17.90
20230315,ChickenMeatballs,27,8.90,12.90,13.90
20230315,Tofu,27,9.90,13.90,14.90
20230315,GrilledBeef,27,10.90,14.90,15.90
20230315,ChickenSatay,27,11.90,15.90,16.90
20230315,PlantedChicken,27,11.90,15.90,17.90
20230316,ChickenMeatballs,27,8.90,12.90,13.90
20230316,Tofu,27,9.90,13.90,14.90
20230316,GrilledBeef,27,10.90,14.90,15.90
20230316,ChickenSatay,27,11.90,15.90,16.90
20230316,PlantedChicken,27,11.90,15.90,17.90
20230317,ChickenMeatballs,27,8.90,12.90,13.90
20230317,Tofu,27,9.90,13.90,14.90
20230317,GrilledBeef,27,10.90,14.90,15.90
20230317,ChickenSatay,27,11.90,15.90,16.90
20230317,PlantedChicken,27,11.90,15.90,17.90
20230320,ChickenMeatballs,27,8.90,12.90,13.90
20230320,Tofu,27,9.90,13.90,14.90
20230320,GrilledBeef,27,10.90,14.90,15.90
20230320,ChickenSatay,27,11.90,15.90,16.90
20230320,PlantedChicken,27,11.90,15.90,17.90
20230321,ChickenMeatballs,27,8.90,12.90,13.90
20230321,Tofu,27,9.90,13.90,14.90
20230321,GrilledBeef,27,10.90,14.90,15.90
20230321,ChickenSatay,27,11.90,15.90,16.90
20230321,PlantedChicken,27,11.90,15.90,17.90
20230322,ChickenMeatballs,27,8.90,12.90,13.90
20230322,Tofu,27,9.90,13.90,14.90
20230322,GrilledBeef,27,10.90,14.90,15.90
20230322,ChickenSatay,27,11.90,15.90,16.90
20230322,PlantedChicken,27,11.90,15.90,17.90
20230323,ChickenMeatballs,27,8.90,12.90,13.90
20230323,Tofu,27,9.90,13.90,14.90
20230323,GrilledBeef,27,10.90,14.90,15.90
20230323,ChickenSatay,27,11.90,15.90,16.90
20230323,PlantedChicken,27,11.90,15.90,17.90
20230324,ChickenMeatballs,27,8.90,12.90,13.90
20230324,Tofu,27,9.90,13.90,14.90
20230324,GrilledBeef,27,10.90,14.90,15.90
20230324,ChickenSatay,27,11.90,15.90,16.90
20230324,PlantedChicken,27,11.90,15.90,17.90
20230327,ChickenMeatballs,27,8.90,12.90,13.90
20230327,Tofu,27,9.90,13.90,14.90
20230327,GrilledBeef,27,10.90,14.90,15.90
20230327,ChickenSatay,27,11.90,15.90,16.90
20230327,PlantedChicken,27,11.90,15.90,17.90
20230328,ChickenMeatballs,27,8.90,12.90,13.90
20230328,Tofu,27,9.90,13.90,14.90
20230328,GrilledBeef,27,10.90,14.90,15.90
20230328,ChickenSatay,27,11.90,15.90,16.90
20230328,PlantedChicken,27,11.90,15.90,17.90
20230329,ChickenMeatballs,27,8.90,12.90,13.90
20230329,Tofu,27,9.90,13.90,14.90
20230329,GrilledBeef,27,10.90,14.90,15.90
20230329,ChickenSatay,27,11.90,15.90,16.90
20230329,PlantedChicken,27,11.90,15.90,17.90
20230330,ChickenMeatballs,27,8.90,12.90,13.90
20230330,Tofu,27,9.90,13.90,14.90
20230330,GrilledBeef,27,10.90,14.90,15.90
20230330,ChickenSatay,27,11.90,15.90,16.90
20230330,PlantedChicken,27,11.90,15.90,17.90
20230331,ChickenMeatballs,27,8.90,12.90,13.90
20230331,Tofu,27,9.90,13.90,14.90
20230331,GrilledBeef,27,10.90,14.90,15.90
20230331,ChickenSatay,27,11.90,15.90,16.90
20230331,PlantedChicken,27,11.90,15.90,17.90
20230403,ChickenMeatballs,27,8.90,12.90,13.90
20230403,Tofu,27,9.90,13.90,14.90
20230403,GrilledBeef,27,10.90,14.90,15.90
20230403,ChickenSatay,27,11.90,15.90,16.90
20230403,PlantedChicken,27,11.90,15.90,17.90
20230404,ChickenMeatballs,27,8.90,12.90,13.90
20230404,Tofu,27,9.90,13.90,14.90
20230404,GrilledBeef,27,10.90,14.90,15.90
20230404,ChickenSatay,27,11.90,15.90,16.90
20230404,PlantedChicken,27,11.90,15.90,17.90
20230405,ChickenMeatballs,27,8.90,12.90,13.90
20230405,Tofu,27,9.90,13.90,14.90
20230405,GrilledBeef,27,10.90,14.90,15.90
20230405,ChickenSatay,27,11.90,15.90,16.90
20230405,PlantedChicken,27,11.90,15.90,17.90
20230406,ChickenMeatballs,27,8.90,12.90,13.90
20230406,Tofu,27,9.90,13.90,14.90
20230406,GrilledBeef,27,10.90,14.90,15.90
20230406,ChickenSatay,27,11.90,15.90,16.90
20230406,PlantedChicken,27,11.90,15.90,17.90
20230407,ChickenMeatballs,27,8.90,12.90,13.90
20230407,Tofu,27,9.90,13.90,14.90
20230407,GrilledBeef,27,10.90,14.90,15.90
20230407,ChickenSatay,27,11.90,15.90,16.90
20230407,PlantedChicken,27,11.90,15.90,17.90
20230424,ChickenMeatballs,27,8.90,12.90,13.90
20230424,Tofu,27,9.90,13.90,14.90
20230424,GrilledBeef,27,10.90,14.90,15.90
20230424,ChickenSatay,27,11.90,15.90,16.90
20230424,PlantedChicken,27,11.90,15.90,17.90
20230425,ChickenMeatballs,27,8.90,12.90,13.90
20230425,Tofu,27,9.90,13.90,14.90
20230425,GrilledBeef,27,10.90,14.90,15.90
20230425,ChickenSatay,27,11.90,15.90,16.90
20230425,PlantedChicken,27,11.90,15.90,17.90
20230426,ChickenMeatballs,27,8.90,12.90,13.90
20230426,Tofu,27,9.90,13.90,14.90
20230426,GrilledBeef,27,10.90,14.90,15.90
20230426,ChickenSatay,27,11.90,15.90,16.90
20230426,PlantedChicken,27,11.90,15.90,17.90
20230109,East,28,9.90,11.90,13.90
20230109,West,28,9.90,11.90,13.90
20230109,Green,28,9.50,9.50,14.00
20230110,East,28,9.90,11.90,13.90
20230110,West,28,13.90,15.90,17.90
20230110,Green,28,9.50,9.50,14.00
20230111,East,28,9.90,11.90,13.90
20230111,West,28,8.90,10.90,12.90
20230111,Green,28,9.50,9.50,14.00
20230112,East,28,10.90,12.90,14.90
20230112,West,28,8.90,10.90,12.90
20230112,Green,28,9.50,9.50,14.00
20230113,East,28,0.00,2.00,4.00
20230113,West,28,8.90,10.90,12.90
20230113,Green,28,9.50,9.50,14.00
20230116,East,28,9.90,11.90,13.90
20230116,West,28,9.90,11.90,13.90
20230116,Green,28,9.50,9.50,14.00
20230117,East,28,10.90,12.90,14.90
20230117,West,28,13.90,15.90,17.90
20230117,Green,28,9.50,9.50,14.00
20230118,East,28,9.90,11.90,13.90
20230118,West,28,8.90,10.90,12.90
20230118,Green,28,0.00,0.00,4.50
20230119,East,28,10.90,12.90,14.90
20230119,West,28,9.90,11.90,13.90
20230119,Green,28,9.50,9.50,14.00
20230120,East,28,9.90,11.90,13.90
20230120,West,28,12.90,14.90,16.90
20230120,Green,28,9.50,9.50,14.00
20230123,East,28,9.90,11.90,13.90
20230123,West,28,9.90,11.90,13.90
20230123,Green,28,9.50,9.50,14.00
20230124,East,28,10.90,12.90,14.90
20230124,West,28,10.90,12.90,14.90
20230124,Green,28,9.50,9.50,14.00
20230125,East,28,9.90,11.90,13.90
20230125,West,28,8.90,10.90,12.90
20230125,Green,28,9.50,9.50,14.00
20230126,East,28,9.90,11.90,13.90
20230126,West,28,13.90,15.90,17.90
20230126,Green,28,9.50,9.50,14.00
20230127,East,28,10.90,12.90,14.90
20230127,West,28,9.90,11.90,13.90
20230127,Green,28,9.50,9.50,14.00
20230130,East,28,9.90,11.90,13.90
20230130,West,28,9.90,11.90,13.90
20230130,Green,28,9.50,9.50,14.00
20230131,East,28,10.90,12.90,14.90
20230131,West,28,13.90,15.90,17.90
20230131,Green,28,9.50,9.50,14.00
20230201,East,28,9.90,11.90,13.90
20230201,West,28,8.90,10.90,12.90
20230201,Green,28,9.50,9.50,14.00
20230202,East,28,9.90,11.90,13.90
20230202,West,28,10.50,12.50,14.50
20230202,Green,28,9.50,9.50,14.00
20230203,East,28,10.90,12.90,14.90
20230203,West,28,8.90,10.90,12.90
20230203,Green,28,9.50,9.50,14.00
20230206,East,28,9.90,11.90,13.90
20230206,West,28,10.90,12.90,14.90
20230206,Green,28,9.50,9.50,14.00
20230207,East,28,10.90,12.90,14.90
20230207,West,28,9.90,11.90,13.90
20230207,Green,28,9.50,9.50,14.00
20230208,East,28,9.90,11.90,13.90
20230208,West,28,9.90,11.90,13.90
20230208,Green,28,9.50,9.50,14.00
20230209,East,28,10.90,12.90,14.90
20230209,West,28,13.90,15.90,17.90
20230209,Green,28,9.50,9.50,14.00
20230210,East,28,9.90,11.90,13.90
20230210,West,28,10.90,12.90,14.90
20230210,Green,28,9.50,9.50,14.00
20230213,East,28,10.90,12.90,14.90
20230213,West,28,8.90,10.90,12.90
20230213,Green,28,9.50,9.50,14.00
20230214,East,28,9.90,11.90,13.90
20230214,West,28,13.90,15.90,17.90
20230214,Green,28,9.50,9.50,14.00
20230215,East,28,9.90,11.90,13.90
20230215,West,28,10.90,12.90,14.90
20230215,Green,28,0.00,0.00,4.50
20230216,East,28,11.90,13.90,15.90
20230216,West,28,9.90,11.90,13.90
20230216,Green,28,9.50,9.50,14.00
20230217,East,28,9.90,11.90,13.90
20230217,West,28,9.90,11.90,13.90
20230217,Green,28,9.50,9.50,14.00
20230220,East,28,9.90,11.90,13.90
20230220,West,28,8.90,10.90,12.90
20230220,Green,28,9.50,9.50,14.00
20230221,East,28,10.90,12.90,14.90
20230221,West,28,13.90,15.90,17.90
20230221,Green,28,9.50,9.50,14.00
20230222,East,28,9.90,11.90,13.90
20230222,West,28,8.90,10.90,12.90
20230222,Green,28,9.50,9.50,14.00
20230223,East,28,10.90,12.90,14.90
20230223,West,28,12.90,14.90,16.90
20230223,Green,28,9.50,9.50,14.00
20230224,East,28,11.90,13.90,15.90
20230224,West,28,11.90,13.90,15.90
20230224,Green,28,9.50,9.50,14.00
20230227,East,28,9.90,11.90,13.90
20230227,West,28,9.90,11.90,13.90
20230227,Green,28,9.50,9.50,14.00
20230228,East,28,10.90,12.90,14.90
20230228,West,28,12.90,14.90,16.90
20230228,Green,28,9.50,9.50,14.00
20230301,East,28,9.90,11.90,13.90
20230301,West,28,9.90,11.90,13.90
20230301,Green,28,10.50,10.50,15.00
20230302,East,28,10.90,12.90,14.90
20230302,West,28,13.90,15.90,17.90
20230302,Green,28,9.50,9.50,14.00
20230303,East,28,9.90,11.90,13.90
20230303,West,28,12.90,14.90,16.90
20230303,Green,28,9.50,9.50,14.00
20230306,East,28,9.90,11.90,13.90
20230306,West,28,12.90,14.90,16.90
20230306,Green,28,9.50,9.50,14.00
20230307,East,28,10.90,12.90,14.90
20230307,West,28,9.90,11.90,13.90
20230307,Green,28,9.50,9.50,14.00
20230308,East,28,9.90,11.90,13.90
20230308,West,28,8.90,10.90,12.90
20230308,Green,28,9.50,9.50,14.00
20230309,East,28,9.90,11.90,13.90
20230309,West,28,13.90,15.90,17.90
20230309,Green,28,9.50,9.50,14.00
20230310,East,28,10.90,12.90,14.90
20230310,West,28,8.90,10.90,12.90
20230310,Green,28,9.50,9.50,14.00
20230313,East,28,9.90,11.90,13.90
20230313,West,28,10.50,12.50,14.50
20230313,Green,28,9.50,9.50,14.00
20230314,East,28,10.90,12.90,14.90
20230314,West,28,8.90,10.90,12.90
20230314,Green,28,9.50,9.50,14.00
20230315,East,28,10.90,12.90,14.90
20230315,West,28,10.90,12.90,14.90
20230315,Green,28,9.50,11.50,13.50
20230316,East,28,10.90,12.90,14.90
20230316,West,28,13.90,15.90,17.90
20230316,Green,28,9.50,9.50,14.00
20230317,East,28,9.90,11.90,13.90
20230317,West,28,12.90,14.90,16.90
20230317,Green,28,9.50,9.50,14.00
20230320,East,28,0.00,2.00,4.00
20230320,West,28,0.00,2.00,4.00
20230320,Green,28,0.00,0.00,4.50
20230321,East,28,10.90,12.90,14.90
20230321,West,28,10.90,12.90,14.90
20230321,Green,28,9.50,9.50,14.00
20230322,East,28,9.90,11.90,13.90
20230322,West,28,9.90,11.90,13.90
20230322,Green,28,9.50,9.50,14.00
20230323,East,28,11.90,13.90,15.90
20230323,West,28,9.90,11.90,13.90
20230323,Green,28,9.50,9.50,14.00
20230324,East,28,9.90,11.90,13.90
20230324,West,28,9.90,11.90,13.90
20230324,Green,28,9.50,9.50,14.00
20230327,East,28,9.90,11.90,13.90
20230327,West,28,0.00,2.00,4.00
20230327,Green,28,10.50,10.50,15.00
20230328,East,28,10.90,12.90,14.90
20230328,West,28,13.90,15.90,17.90
20230328,Green,28,10.50,10.50,15.00
20230329,East,28,9.90,11.90,13.90
20230329,West,28,9.90,11.90,13.90
20230329,Green,28,9.50,9.50,14.00
20230330,East,28,11.90,13.90,15.90
20230330,West,28,10.90,12.90,14.90
20230330,Green,28,9.50,9.50,14.00
20230331,East,28,9.90,11.90,13.90
20230331,West,28,12.90,14.90,16.90
20230331,Green,28,9.50,9.50,14.00
20230403,East,28,10.90,12.90,14.90
20230403,West,28,13.90,15.90,17.90
20230403,Green,28,9.50,9.50,14.00
20230404,East,28,10.90,12.90,14.90
20230404,West,28,9.90,11.90,13.90
20230404,Green,28,9.50,9.50,14.00
20230405,East,28,9.90,11.90,13.90
20230405,West,28,9.90,11.90,13.90
20230405,Green,28,9.50,9.50,14.00
20230406,East,28,9.90,11.90,13.90
20230406,West,28,9.90,11.90,13.90
20230406,Green,28,9.50,9.50,14.00
20230407,East,28,0.00,2.00,4.00
20230407,West,28,0.00,2.00,4.00
20230407,Green,28,0.00,0.00,4.50
20230418,East,28,10.90,12.90,14.90
20230418,West,28,10.90,12.90,14.90
20230418,Green,28,9.50,9.50,14.00
20230419,East,28,9.90,11.90,13.90
20230419,West,28,12.90,14.90,16.90
20230419,Green,28,9.50,9.50,14.00
20230420,East,28,9.90,11.90,13.90
20230420,West,28,13.90,15.90,17.90
20230420,Green,28,9.50,9.50,14.00
20230421,East,28,10.90,12.90,14.90
20230421,West,28,9.90,11.90,13.90
20230421,Green,28,9.50,9.50,14.00
20230424,East,28,9.90,11.90,13.90
20230424,West,28,12.90,14.90,16.90
20230424,Green,28,9.50,9.50,14.00
20230425,East,28,10.90,12.90,14.90
20230425,West,28,13.90,15.90,17.90
20230425,Green,28,9.50,9.50,14.00
20230426,East,28,9.90,11.90,13.90
20230426,West,28,8.90,10.90,12.90
20230426,Green,28,9.50,9.50,14.00
